"0.0","0.0","0.0","0.0","0.0","0.0","0.0","0.0","0.0","0.0","0.0","0.0","0.0","0.0","0.0","0.0","0.0","0.0","0.0","0.0","0.0","0.0","0.0","0.0","0.0","0.0","0.0","0.0","0.0","0.0","0.0","0.0","0.0","0.0","0.0","0.0","0.0","0.0","0.0","0.0","0.0","0.0","0.0","0.0","0.0","0.0","0.0","0.0","0.0","0.0","0.0","0.0","0.0","0.0","0.0","0.0","0.0","0.0","0.0","0.0","0.0","0.0","0.0","0.0","0.0","0.0","0.0","0.0","0.0","0.0","0.0","0.0","0.0","0.0","0.0","0.0","0.0","0.0","0.0","0.0","0.0","0.0","0.0","0.0","0.0","0.0","0.0","0.0","0.0","0.0","0.0","0.0","0.0","0.0","0.0","0.0","0.0","0.0","0.0"
"-0.7745966692414834","0.0","0.7745966692414834","0.0","0.0","0.0","0.0","0.0","0.0","0.0","0.0","0.0","0.0","0.0","0.0","0.0","0.0","0.0","0.0","0.0","0.0","0.0","0.0","0.0","0.0","0.0","0.0","0.0","0.0","0.0","0.0","0.0","0.0","0.0","0.0","0.0","0.0","0.0","0.0","0.0","0.0","0.0","0.0","0.0","0.0","0.0","0.0","0.0","0.0","0.0","0.0","0.0","0.0","0.0","0.0","0.0","0.0","0.0","0.0","0.0","0.0","0.0","0.0","0.0","0.0","0.0","0.0","0.0","0.0","0.0","0.0","0.0","0.0","0.0","0.0","0.0","0.0","0.0","0.0","0.0","0.0","0.0","0.0","0.0","0.0","0.0","0.0","0.0","0.0","0.0","0.0","0.0","0.0","0.0","0.0","0.0","0.0","0.0","0.0"
"-0.9258200997725514","-0.5773502691896257","0.0","0.5773502691896257","0.9258200997725514","0.0","0.0","0.0","0.0","0.0","0.0","0.0","0.0","0.0","0.0","0.0","0.0","0.0","0.0","0.0","0.0","0.0","0.0","0.0","0.0","0.0","0.0","0.0","0.0","0.0","0.0","0.0","0.0","0.0","0.0","0.0","0.0","0.0","0.0","0.0","0.0","0.0","0.0","0.0","0.0","0.0","0.0","0.0","0.0","0.0","0.0","0.0","0.0","0.0","0.0","0.0","0.0","0.0","0.0","0.0","0.0","0.0","0.0","0.0","0.0","0.0","0.0","0.0","0.0","0.0","0.0","0.0","0.0","0.0","0.0","0.0","0.0","0.0","0.0","0.0","0.0","0.0","0.0","0.0","0.0","0.0","0.0","0.0","0.0","0.0","0.0","0.0","0.0","0.0","0.0","0.0","0.0","0.0","0.0"
"-0.9604912687080203","-0.7745966692414834","-0.43424374934680254","0.0","0.43424374934680254","0.7745966692414834","0.9604912687080203","0.0","0.0","0.0","0.0","0.0","0.0","0.0","0.0","0.0","0.0","0.0","0.0","0.0","0.0","0.0","0.0","0.0","0.0","0.0","0.0","0.0","0.0","0.0","0.0","0.0","0.0","0.0","0.0","0.0","0.0","0.0","0.0","0.0","0.0","0.0","0.0","0.0","0.0","0.0","0.0","0.0","0.0","0.0","0.0","0.0","0.0","0.0","0.0","0.0","0.0","0.0","0.0","0.0","0.0","0.0","0.0","0.0","0.0","0.0","0.0","0.0","0.0","0.0","0.0","0.0","0.0","0.0","0.0","0.0","0.0","0.0","0.0","0.0","0.0","0.0","0.0","0.0","0.0","0.0","0.0","0.0","0.0","0.0","0.0","0.0","0.0","0.0","0.0","0.0","0.0","0.0","0.0"
"-0.9765602507375731","-0.8611363115940526","-0.64028621749631","-0.33998104358485626","0.0","0.33998104358485626","0.64028621749631","0.8611363115940526","0.9765602507375731","0.0","0.0","0.0","0.0","0.0","0.0","0.0","0.0","0.0","0.0","0.0","0.0","0.0","0.0","0.0","0.0","0.0","0.0","0.0","0.0","0.0","0.0","0.0","0.0","0.0","0.0","0.0","0.0","0.0","0.0","0.0","0.0","0.0","0.0","0.0","0.0","0.0","0.0","0.0","0.0","0.0","0.0","0.0","0.0","0.0","0.0","0.0","0.0","0.0","0.0","0.0","0.0","0.0","0.0","0.0","0.0","0.0","0.0","0.0","0.0","0.0","0.0","0.0","0.0","0.0","0.0","0.0","0.0","0.0","0.0","0.0","0.0","0.0","0.0","0.0","0.0","0.0","0.0","0.0","0.0","0.0","0.0","0.0","0.0","0.0","0.0","0.0","0.0","0.0","0.0"
"-0.9840853600948425","-0.906179845938664","-0.7541667265708493","-0.5384693101056831","-0.2796304131617832","0.0","0.2796304131617832","0.5384693101056831","0.7541667265708493","0.906179845938664","0.9840853600948425","0.0","0.0","0.0","0.0","0.0","0.0","0.0","0.0","0.0","0.0","0.0","0.0","0.0","0.0","0.0","0.0","0.0","0.0","0.0","0.0","0.0","0.0","0.0","0.0","0.0","0.0","0.0","0.0","0.0","0.0","0.0","0.0","0.0","0.0","0.0","0.0","0.0","0.0","0.0","0.0","0.0","0.0","0.0","0.0","0.0","0.0","0.0","0.0","0.0","0.0","0.0","0.0","0.0","0.0","0.0","0.0","0.0","0.0","0.0","0.0","0.0","0.0","0.0","0.0","0.0","0.0","0.0","0.0","0.0","0.0","0.0","0.0","0.0","0.0","0.0","0.0","0.0","0.0","0.0","0.0","0.0","0.0","0.0","0.0","0.0","0.0","0.0","0.0"
"-0.9887032026126789","-0.932469514203152","-0.8213733408650279","-0.6612093864662645","-0.4631182124753046","-0.2386191860831969","0.0","0.2386191860831969","0.4631182124753046","0.6612093864662645","0.8213733408650279","0.932469514203152","0.9887032026126789","0.0","0.0","0.0","0.0","0.0","0.0","0.0","0.0","0.0","0.0","0.0","0.0","0.0","0.0","0.0","0.0","0.0","0.0","0.0","0.0","0.0","0.0","0.0","0.0","0.0","0.0","0.0","0.0","0.0","0.0","0.0","0.0","0.0","0.0","0.0","0.0","0.0","0.0","0.0","0.0","0.0","0.0","0.0","0.0","0.0","0.0","0.0","0.0","0.0","0.0","0.0","0.0","0.0","0.0","0.0","0.0","0.0","0.0","0.0","0.0","0.0","0.0","0.0","0.0","0.0","0.0","0.0","0.0","0.0","0.0","0.0","0.0","0.0","0.0","0.0","0.0","0.0","0.0","0.0","0.0","0.0","0.0","0.0","0.0","0.0","0.0"
"-0.9914553711208126","-0.9491079123427585","-0.8648644233597691","-0.7415311855993945","-0.5860872354676911","-0.4058451513773972","-0.20778495500789848","0.0","0.20778495500789848","0.4058451513773972","0.5860872354676911","0.7415311855993945","0.8648644233597691","0.9491079123427585","0.9914553711208126","0.0","0.0","0.0","0.0","0.0","0.0","0.0","0.0","0.0","0.0","0.0","0.0","0.0","0.0","0.0","0.0","0.0","0.0","0.0","0.0","0.0","0.0","0.0","0.0","0.0","0.0","0.0","0.0","0.0","0.0","0.0","0.0","0.0","0.0","0.0","0.0","0.0","0.0","0.0","0.0","0.0","0.0","0.0","0.0","0.0","0.0","0.0","0.0","0.0","0.0","0.0","0.0","0.0","0.0","0.0","0.0","0.0","0.0","0.0","0.0","0.0","0.0","0.0","0.0","0.0","0.0","0.0","0.0","0.0","0.0","0.0","0.0","0.0","0.0","0.0","0.0","0.0","0.0","0.0","0.0","0.0","0.0","0.0","0.0"
"-0.9933798758817162","-0.9602898564975363","-0.8941209068474564","-0.7966664774136267","-0.6723540709451586","-0.525532409916329","-0.36070109792813193","-0.1834346424956498","0.0","0.1834346424956498","0.36070109792813193","0.525532409916329","0.6723540709451586","0.7966664774136267","0.8941209068474564","0.9602898564975363","0.9933798758817162","0.0","0.0","0.0","0.0","0.0","0.0","0.0","0.0","0.0","0.0","0.0","0.0","0.0","0.0","0.0","0.0","0.0","0.0","0.0","0.0","0.0","0.0","0.0","0.0","0.0","0.0","0.0","0.0","0.0","0.0","0.0","0.0","0.0","0.0","0.0","0.0","0.0","0.0","0.0","0.0","0.0","0.0","0.0","0.0","0.0","0.0","0.0","0.0","0.0","0.0","0.0","0.0","0.0","0.0","0.0","0.0","0.0","0.0","0.0","0.0","0.0","0.0","0.0","0.0","0.0","0.0","0.0","0.0","0.0","0.0","0.0","0.0","0.0","0.0","0.0","0.0","0.0","0.0","0.0","0.0","0.0","0.0"
"-0.9946781606773403","-0.9681602395076261","-0.9149635072496779","-0.8360311073266358","-0.7344867651839337","-0.6133714327005904","-0.47546247911245987","-0.3242534234038089","-0.16422356361498677","0.0","0.16422356361498677","0.3242534234038089","0.47546247911245987","0.6133714327005904","0.7344867651839337","0.8360311073266358","0.9149635072496779","0.9681602395076261","0.9946781606773403","0.0","0.0","0.0","0.0","0.0","0.0","0.0","0.0","0.0","0.0","0.0","0.0","0.0","0.0","0.0","0.0","0.0","0.0","0.0","0.0","0.0","0.0","0.0","0.0","0.0","0.0","0.0","0.0","0.0","0.0","0.0","0.0","0.0","0.0","0.0","0.0","0.0","0.0","0.0","0.0","0.0","0.0","0.0","0.0","0.0","0.0","0.0","0.0","0.0","0.0","0.0","0.0","0.0","0.0","0.0","0.0","0.0","0.0","0.0","0.0","0.0","0.0","0.0","0.0","0.0","0.0","0.0","0.0","0.0","0.0","0.0","0.0","0.0","0.0","0.0","0.0","0.0","0.0","0.0","0.0"
"-0.9956571630258081","-0.9739065285171717","-0.9301574913557082","-0.8650633666889845","-0.7808177265864169","-0.6794095682990244","-0.5627571346686047","-0.4333953941292472","-0.2943928627014602","-0.14887433898163122","0.0","0.14887433898163122","0.2943928627014602","0.4333953941292472","0.5627571346686047","0.6794095682990244","0.7808177265864169","0.8650633666889845","0.9301574913557082","0.9739065285171717","0.9956571630258081","0.0","0.0","0.0","0.0","0.0","0.0","0.0","0.0","0.0","0.0","0.0","0.0","0.0","0.0","0.0","0.0","0.0","0.0","0.0","0.0","0.0","0.0","0.0","0.0","0.0","0.0","0.0","0.0","0.0","0.0","0.0","0.0","0.0","0.0","0.0","0.0","0.0","0.0","0.0","0.0","0.0","0.0","0.0","0.0","0.0","0.0","0.0","0.0","0.0","0.0","0.0","0.0","0.0","0.0","0.0","0.0","0.0","0.0","0.0","0.0","0.0","0.0","0.0","0.0","0.0","0.0","0.0","0.0","0.0","0.0","0.0","0.0","0.0","0.0","0.0","0.0","0.0","0.0"
"-0.9963696138895426","-0.978228658146057","-0.941677108578068","-0.8870625997680953","-0.816057456656221","-0.7301520055740494","-0.6305995201619651","-0.5190961292068118","-0.39794414095237757","-0.26954315595234496","-0.1361130007993618","0.0","0.1361130007993618","0.26954315595234496","0.39794414095237757","0.5190961292068118","0.6305995201619651","0.7301520055740494","0.816057456656221","0.8870625997680953","0.941677108578068","0.978228658146057","0.9963696138895426","0.0","0.0","0.0","0.0","0.0","0.0","0.0","0.0","0.0","0.0","0.0","0.0","0.0","0.0","0.0","0.0","0.0","0.0","0.0","0.0","0.0","0.0","0.0","0.0","0.0","0.0","0.0","0.0","0.0","0.0","0.0","0.0","0.0","0.0","0.0","0.0","0.0","0.0","0.0","0.0","0.0","0.0","0.0","0.0","0.0","0.0","0.0","0.0","0.0","0.0","0.0","0.0","0.0","0.0","0.0","0.0","0.0","0.0","0.0","0.0","0.0","0.0","0.0","0.0","0.0","0.0","0.0","0.0","0.0","0.0","0.0","0.0","0.0","0.0","0.0","0.0"
"-0.9969339225295955","-0.9815606342467192","-0.9505377959431213","-0.9041172563704749","-0.8435581241611533","-0.7699026741943047","-0.6840598954700559","-0.5873179542866175","-0.48133945047815707","-0.3678314989981802","-0.2485057483204693","-0.1252334085114689","0.0","0.1252334085114689","0.2485057483204693","0.3678314989981802","0.48133945047815707","0.5873179542866175","0.6840598954700559","0.7699026741943047","0.8435581241611533","0.9041172563704749","0.9505377959431213","0.9815606342467192","0.9969339225295955","0.0","0.0","0.0","0.0","0.0","0.0","0.0","0.0","0.0","0.0","0.0","0.0","0.0","0.0","0.0","0.0","0.0","0.0","0.0","0.0","0.0","0.0","0.0","0.0","0.0","0.0","0.0","0.0","0.0","0.0","0.0","0.0","0.0","0.0","0.0","0.0","0.0","0.0","0.0","0.0","0.0","0.0","0.0","0.0","0.0","0.0","0.0","0.0","0.0","0.0","0.0","0.0","0.0","0.0","0.0","0.0","0.0","0.0","0.0","0.0","0.0","0.0","0.0","0.0","0.0","0.0","0.0","0.0","0.0","0.0","0.0","0.0","0.0","0.0"
"-0.997366176994825","-0.9841830547185881","-0.9575524683860812","-0.9175983992229779","-0.8653331602663444","-0.8015780907333099","-0.7269488493206321","-0.6423493394403402","-0.5490799579565369","-0.44849275103644687","-0.34183246302180637","-0.2304583159551348","-0.11597108974493354","0.0","0.11597108974493354","0.2304583159551348","0.34183246302180637","0.44849275103644687","0.5490799579565369","0.6423493394403402","0.7269488493206321","0.8015780907333099","0.8653331602663444","0.9175983992229779","0.9575524683860812","0.9841830547185881","0.997366176994825","0.0","0.0","0.0","0.0","0.0","0.0","0.0","0.0","0.0","0.0","0.0","0.0","0.0","0.0","0.0","0.0","0.0","0.0","0.0","0.0","0.0","0.0","0.0","0.0","0.0","0.0","0.0","0.0","0.0","0.0","0.0","0.0","0.0","0.0","0.0","0.0","0.0","0.0","0.0","0.0","0.0","0.0","0.0","0.0","0.0","0.0","0.0","0.0","0.0","0.0","0.0","0.0","0.0","0.0","0.0","0.0","0.0","0.0","0.0","0.0","0.0","0.0","0.0","0.0","0.0","0.0","0.0","0.0","0.0","0.0","0.0","0.0"
"-0.9977205937565431","-0.9862838086968123","-0.9631583382788532","-0.9284348836635735","-0.882914663252057","-0.827201315069765","-0.7617567525622055","-0.6872929048116855","-0.6047893659409216","-0.5152486363581541","-0.419655897642979","-0.31911236892788974","-0.2148359185334849","-0.10805494870734367","0.0","0.10805494870734367","0.2148359185334849","0.31911236892788974","0.419655897642979","0.5152486363581541","0.6047893659409216","0.6872929048116855","0.7617567525622055","0.827201315069765","0.882914663252057","0.9284348836635735","0.9631583382788532","0.9862838086968123","0.9977205937565431","0.0","0.0","0.0","0.0","0.0","0.0","0.0","0.0","0.0","0.0","0.0","0.0","0.0","0.0","0.0","0.0","0.0","0.0","0.0","0.0","0.0","0.0","0.0","0.0","0.0","0.0","0.0","0.0","0.0","0.0","0.0","0.0","0.0","0.0","0.0","0.0","0.0","0.0","0.0","0.0","0.0","0.0","0.0","0.0","0.0","0.0","0.0","0.0","0.0","0.0","0.0","0.0","0.0","0.0","0.0","0.0","0.0","0.0","0.0","0.0","0.0","0.0","0.0","0.0","0.0","0.0","0.0","0.0","0.0","0.0"
"-0.9980022986933971","-0.9879925180204854","-0.9677390756791391","-0.937273392400706","-0.8972645323440819","-0.8482065834104272","-0.790418501442466","-0.7244177313601701","-0.650996741297417","-0.5709721726085388","-0.4850818636402397","-0.3941513470775634","-0.29918000715316884","-0.20119409399743451","-0.1011420669187175","0.0","0.1011420669187175","0.20119409399743451","0.29918000715316884","0.3941513470775634","0.4850818636402397","0.5709721726085388","0.650996741297417","0.7244177313601701","0.790418501442466","0.8482065834104272","0.8972645323440819","0.937273392400706","0.9677390756791391","0.9879925180204854","0.9980022986933971","0.0","0.0","0.0","0.0","0.0","0.0","0.0","0.0","0.0","0.0","0.0","0.0","0.0","0.0","0.0","0.0","0.0","0.0","0.0","0.0","0.0","0.0","0.0","0.0","0.0","0.0","0.0","0.0","0.0","0.0","0.0","0.0","0.0","0.0","0.0","0.0","0.0","0.0","0.0","0.0","0.0","0.0","0.0","0.0","0.0","0.0","0.0","0.0","0.0","0.0","0.0","0.0","0.0","0.0","0.0","0.0","0.0","0.0","0.0","0.0","0.0","0.0","0.0","0.0","0.0","0.0","0.0","0.0"
"-0.9982392741454446","-0.9894009349916499","-0.9715059509693926","-0.9445750230732326","-0.9091576670123429","-0.8656312023878318","-0.8142402870624444","-0.755404408355003","-0.6897411066817623","-0.6178762444026438","-0.5404076763521397","-0.45801677765722737","-0.37148378087841627","-0.2816035507792589","-0.18916857901808373","-0.09501250983763744","0.0","0.09501250983763744","0.18916857901808373","0.2816035507792589","0.37148378087841627","0.45801677765722737","0.5404076763521397","0.6178762444026438","0.6897411066817623","0.755404408355003","0.8142402870624444","0.8656312023878318","0.9091576670123429","0.9445750230732326","0.9715059509693926","0.9894009349916499","0.9982392741454446","0.0","0.0","0.0","0.0","0.0","0.0","0.0","0.0","0.0","0.0","0.0","0.0","0.0","0.0","0.0","0.0","0.0","0.0","0.0","0.0","0.0","0.0","0.0","0.0","0.0","0.0","0.0","0.0","0.0","0.0","0.0","0.0","0.0","0.0","0.0","0.0","0.0","0.0","0.0","0.0","0.0","0.0","0.0","0.0","0.0","0.0","0.0","0.0","0.0","0.0","0.0","0.0","0.0","0.0","0.0","0.0","0.0","0.0","0.0","0.0","0.0","0.0","0.0","0.0","0.0","0.0"
"-0.9984329706060581","-0.9905754753144174","-0.974659256967431","-0.9506755217687678","-0.9190961368038917","-0.8802391537269859","-0.8342740928501343","-0.7815140038968014","-0.7224722873724099","-0.6576711592166907","-0.5875692123340353","-0.5126905370864769","-0.4336872952097994","-0.3512317634538763","-0.265946507451682","-0.17848418149584785","-0.08958563942522664","0.0","0.08958563942522664","0.17848418149584785","0.265946507451682","0.3512317634538763","0.4336872952097994","0.5126905370864769","0.5875692123340353","0.6576711592166907","0.7224722873724099","0.7815140038968014","0.8342740928501343","0.8802391537269859","0.9190961368038917","0.9506755217687678","0.974659256967431","0.9905754753144174","0.9984329706060581","0.0","0.0","0.0","0.0","0.0","0.0","0.0","0.0","0.0","0.0","0.0","0.0","0.0","0.0","0.0","0.0","0.0","0.0","0.0","0.0","0.0","0.0","0.0","0.0","0.0","0.0","0.0","0.0","0.0","0.0","0.0","0.0","0.0","0.0","0.0","0.0","0.0","0.0","0.0","0.0","0.0","0.0","0.0","0.0","0.0","0.0","0.0","0.0","0.0","0.0","0.0","0.0","0.0","0.0","0.0","0.0","0.0","0.0","0.0","0.0","0.0","0.0","0.0","0.0"
"-0.9985991654126828","-0.9915651684209309","-0.977310380774861","-0.9558239495713977","-0.9275045015733433","-0.8926024664975557","-0.8512493734337176","-0.8037049589725231","-0.7503804817033576","-0.6916870430603532","-0.6280037548638336","-0.5597708310739475","-0.4875090425850785","-0.41175116146284263","-0.3330234227914079","-0.2518862256915055","-0.16893682806654922","-0.0847750130417353","0.0","0.0847750130417353","0.16893682806654922","0.2518862256915055","0.3330234227914079","0.41175116146284263","0.4875090425850785","0.5597708310739475","0.6280037548638336","0.6916870430603532","0.7503804817033576","0.8037049589725231","0.8512493734337176","0.8926024664975557","0.9275045015733433","0.9558239495713977","0.977310380774861","0.9915651684209309","0.9985991654126828","0.0","0.0","0.0","0.0","0.0","0.0","0.0","0.0","0.0","0.0","0.0","0.0","0.0","0.0","0.0","0.0","0.0","0.0","0.0","0.0","0.0","0.0","0.0","0.0","0.0","0.0","0.0","0.0","0.0","0.0","0.0","0.0","0.0","0.0","0.0","0.0","0.0","0.0","0.0","0.0","0.0","0.0","0.0","0.0","0.0","0.0","0.0","0.0","0.0","0.0","0.0","0.0","0.0","0.0","0.0","0.0","0.0","0.0","0.0","0.0","0.0","0.0"
"-0.9987380120803145","-0.9924068438435844","-0.9795723007892633","-0.96020815213483","-0.9346640001655193","-0.9031559036148179","-0.8657735426853352","-0.8227146565371428","-0.7743288590095347","-0.7209661773352294","-0.6629230657449079","-0.600545304661681","-0.5342756325305535","-0.46457074137596094","-0.3918512308715202","-0.31656409996362983","-0.2392249283182414","-0.16035864564022537","-0.08045192274401133","0.0","0.08045192274401133","0.16035864564022537","0.2392249283182414","0.31656409996362983","0.3918512308715202","0.46457074137596094","0.5342756325305535","0.600545304661681","0.6629230657449079","0.7209661773352294","0.7743288590095347","0.8227146565371428","0.8657735426853352","0.9031559036148179","0.9346640001655193","0.96020815213483","0.9795723007892633","0.9924068438435844","0.9987380120803145","0.0","0.0","0.0","0.0","0.0","0.0","0.0","0.0","0.0","0.0","0.0","0.0","0.0","0.0","0.0","0.0","0.0","0.0","0.0","0.0","0.0","0.0","0.0","0.0","0.0","0.0","0.0","0.0","0.0","0.0","0.0","0.0","0.0","0.0","0.0","0.0","0.0","0.0","0.0","0.0","0.0","0.0","0.0","0.0","0.0","0.0","0.0","0.0","0.0","0.0","0.0","0.0","0.0","0.0","0.0","0.0","0.0","0.0","0.0","0.0"
"-0.9988590315882777","-0.9931285991850949","-0.9815078774502503","-1.9047945611096686","-0.912234428251326","-0.878276811252282","-0.8391169718222188","-0.7950414288375512","-0.7463319064601508","-0.6932376563347514","-0.636053680726515","-0.5751404468197103","-0.5108670019508271","-0.4435931752387251","-0.37370608871541955","-0.301627868114913","-0.22778585114164507","-0.15260546524092267","-0.07652652113349734","0.0","0.07652652113349734","0.15260546524092267","0.22778585114164507","0.301627868114913","0.37370608871541955","0.4435931752387251","0.5108670019508271","0.5751404468197103","0.636053680726515","0.6932376563347514","0.7463319064601508","0.7950414288375512","0.8391169718222188","0.878276811252282","0.912234428251326","0.9408226338317548","0.9639719272779138","0.9815078774502503","0.9931285991850949","0.9988590315882777","0.0","0.0","0.0","0.0","0.0","0.0","0.0","0.0","0.0","0.0","0.0","0.0","0.0","0.0","0.0","0.0","0.0","0.0","0.0","0.0","0.0","0.0","0.0","0.0","0.0","0.0","0.0","0.0","0.0","0.0","0.0","0.0","0.0","0.0","0.0","0.0","0.0","0.0","0.0","0.0","0.0","0.0","0.0","0.0","0.0","0.0","0.0","0.0","0.0","0.0","0.0","0.0","0.0","0.0","0.0","0.0","0.0","0.0","0.0"
"-0.9989619306873172","-0.9937521706203895","-0.983184863561686","-0.9672268385663063","-0.9461472167785127","-0.9200993341504008","-0.8891283153311843","-0.8533633645833173","-0.813052580847532","-0.7684399634756779","-0.7197234525720247","-0.6671388041974123","-0.610997123789766","-0.5516188358872198","-0.48929590889566865","-0.4243421202074388","-0.3571252536599211","-0.2880213168024011","-0.21738009387172882","-0.1455618541608951","-0.07296724759579058","0.0","0.07296724759579058","0.1455618541608951","0.21738009387172882","0.2880213168024011","0.3571252536599211","0.4243421202074388","0.48929590889566865","0.5516188358872198","0.610997123789766","0.6671388041974123","0.7197234525720247","0.7684399634756779","0.813052580847532","0.8533633645833173","0.8891283153311843","0.9200993341504008","0.9461472167785127","0.9672268385663063","0.983184863561686","0.9937521706203895","0.9989619306873172","0.0","0.0","0.0","0.0","0.0","0.0","0.0","0.0","0.0","0.0","0.0","0.0","0.0","0.0","0.0","0.0","0.0","0.0","0.0","0.0","0.0","0.0","0.0","0.0","0.0","0.0","0.0","0.0","0.0","0.0","0.0","0.0","0.0","0.0","0.0","0.0","0.0","0.0","0.0","0.0","0.0","0.0","0.0","0.0","0.0","0.0","0.0","0.0","0.0","0.0","0.0","0.0","0.0","0.0","0.0","0.0"
"-0.9990527723921804","-0.9942945854823992","-0.9846407215973485","-0.9700604978354287","-0.950790380343185","-0.926956772187174","-0.8985938521796121","-0.8658125777203002","-0.8288202044714307","-0.7878168059792081","-0.7429711938790078","-0.6944872631866827","-0.6426225725929124","-0.5876404035069116","-0.529793398630515","-0.469355837986757","-0.4066331054342116","-0.34193582089208424","-0.2755714513456152","-0.20786042668822127","-0.13913779072296184","-0.06973927331972223","0.0","0.06973927331972223","0.13913779072296184","0.20786042668822127","0.2755714513456152","0.34193582089208424","0.4066331054342116","0.469355837986757","0.529793398630515","0.5876404035069116","0.6426225725929124","0.6944872631866827","0.7429711938790078","0.7878168059792081","0.8288202044714307","0.8658125777203002","0.8985938521796121","0.926956772187174","0.950790380343185","0.9700604978354287","0.9846407215973485","0.9942945854823992","0.9990527723921804","0.0","0.0","0.0","0.0","0.0","0.0","0.0","0.0","0.0","0.0","0.0","0.0","0.0","0.0","0.0","0.0","0.0","0.0","0.0","0.0","0.0","0.0","0.0","0.0","0.0","0.0","0.0","0.0","0.0","0.0","0.0","0.0","0.0","0.0","0.0","0.0","0.0","0.0","0.0","0.0","0.0","0.0","0.0","0.0","0.0","0.0","0.0","0.0","0.0","0.0","0.0","0.0","0.0","0.0"
"-0.9991311364634213","-0.9947693349975522","-0.9859181507273755","-0.9725424712181152","-0.9548558398601112","-0.9329710868260161","-0.9069076947412814","-0.8767523582704416","-0.8426873229970131","-0.8048884016188399","-0.7634913162211655","-0.7186613631319502","-0.6706237890370425","-0.6196098757636461","-0.5658273059076018","-0.5095014778460075","-0.4509009809247381","-0.3903010380302908","-0.3279573457117854","-0.26413568097034495","-0.199134670993493","-0.1332568242984661","-0.06678365740662573","0.0","0.06678365740662573","0.1332568242984661","0.199134670993493","0.26413568097034495","0.3279573457117854","0.3903010380302908","0.4509009809247381","0.5095014778460075","0.5658273059076018","0.6196098757636461","0.6706237890370425","0.7186613631319502","0.7634913162211655","0.8048884016188399","0.8426873229970131","0.8767523582704416","0.9069076947412814","0.9329710868260161","0.9548558398601112","0.9725424712181152","0.9859181507273755","0.9947693349975522","0.9991311364634213","0.0","0.0","0.0","0.0","0.0","0.0","0.0","0.0","0.0","0.0","0.0","0.0","0.0","0.0","0.0","0.0","0.0","0.0","0.0","0.0","0.0","0.0","0.0","0.0","0.0","0.0","0.0","0.0","0.0","0.0","0.0","0.0","0.0","0.0","0.0","0.0","0.0","0.0","0.0","0.0","0.0","0.0","0.0","0.0","0.0","0.0","0.0","0.0","0.0","0.0","0.0","0.0"
"-0.999201056021875","-0.9951872199970213","-0.987040496015809","-0.9747285559713095","-0.9584416844052094","-0.9382745520027328","-0.9142406907949115","-0.8864155270044011","-0.8549538039040514","-0.820001985973903","-0.7816772264764643","-0.7401241915785544","-0.6955320723967788","-0.6480936519369755","-0.5979905139060784","-0.5454214713888396","-0.49061236546344644","-0.4337935076260451","-0.37519115479795084","-0.3150426796961634","-0.2536004303696779","-0.1911188674736163","-0.1278512402862167","-0.06405689286260563","0.0","0.06405689286260563","0.1278512402862167","0.1911188674736163","0.2536004303696779","0.3150426796961634","0.37519115479795084","0.4337935076260451","0.49061236546344644","0.5454214713888396","0.5979905139060784","0.6480936519369755","0.6955320723967788","0.7401241915785544","0.7816772264764643","0.820001985973903","0.8549538039040514","0.8864155270044011","0.9142406907949115","0.9382745520027328","0.9584416844052094","0.9747285559713095","0.987040496015809","0.9951872199970213","0.999201056021875","0.0","0.0","0.0","0.0","0.0","0.0","0.0","0.0","0.0","0.0","0.0","0.0","0.0","0.0","0.0","0.0","0.0","0.0","0.0","0.0","0.0","0.0","0.0","0.0","0.0","0.0","0.0","0.0","0.0","0.0","0.0","0.0","0.0","0.0","0.0","0.0","0.0","0.0","0.0","0.0","0.0","0.0","0.0","0.0","0.0","0.0","0.0","0.0","0.0","0.0"
"-0.9992621049926098","-0.9955569697904981","-0.9880357945340772","-0.9766639214595175","-0.9616149864258425","-0.9429745712289743","-0.9207471152817016","-0.8949919978782753","-0.8658470652932756","-0.833442628760834","-0.7978737979985001","-0.7592592630373576","-0.7177664068130843","-0.6735663684734684","-0.6268100990103174","-0.577662930241223","-0.5263252843347191","-0.473002731445715","-0.4178853821930377","-0.36117230580938786","-0.30308953893110785","-0.24386688372098844","-0.1837189394210489","-0.1228646926107104","-0.06154448300568508","0.0","0.06154448300568508","0.1228646926107104","0.1837189394210489","0.24386688372098844","0.30308953893110785","0.36117230580938786","0.4178853821930377","0.473002731445715","0.5263252843347191","0.577662930241223","0.6268100990103174","0.6735663684734684","0.7177664068130843","0.7592592630373576","0.7978737979985001","0.833442628760834","0.8658470652932756","0.8949919978782753","0.9207471152817016","0.9429745712289743","0.9616149864258425","0.9766639214595175","0.9880357945340772","0.9955569697904981","0.9992621049926098","0.0","0.0","0.0","0.0","0.0","0.0","0.0","0.0","0.0","0.0","0.0","0.0","0.0","0.0","0.0","0.0","0.0","0.0","0.0","0.0","0.0","0.0","0.0","0.0","0.0","0.0","0.0","0.0","0.0","0.0","0.0","0.0","0.0","0.0","0.0","0.0","0.0","0.0","0.0","0.0","0.0","0.0","0.0","0.0","0.0","0.0","0.0","0.0"
"-0.9993170647600718","-0.9958857011456169","-0.988919144824435","-0.978385445956471","-0.9644411182393126","-0.9471590666617142","-0.9265405707703612","-0.9026378619843071","-0.8755696351636707","-0.845445942788498","-0.8123497270851283","-0.7763859488206789","-0.7376969795076126","-0.6964272604199573","-0.6527100095069135","-0.6066922930176181","-0.5585445309808156","-0.5084407148245057","-0.45655021602829965","-0.4030517551234863","-0.3481381971036949","-0.2920048394859569","-0.2348452551524575","-0.17685882035689018","-0.11825166289205723","-0.05923009342931321","0.0","0.05923009342931321","0.11825166289205723","0.17685882035689018","0.2348452551524575","0.2920048394859569","0.3481381971036949","0.4030517551234863","0.45655021602829965","0.5084407148245057","0.5585445309808156","0.6066922930176181","0.6527100095069135","0.6964272604199573","0.7376969795076126","0.7763859488206789","0.8123497270851283","0.845445942788498","0.8755696351636707","0.9026378619843071","0.9265405707703612","0.9471590666617142","0.9644411182393126","0.978385445956471","0.988919144824435","0.9958857011456169","0.9993170647600718","0.0","0.0","0.0","0.0","0.0","0.0","0.0","0.0","0.0","0.0","0.0","0.0","0.0","0.0","0.0","0.0","0.0","0.0","0.0","0.0","0.0","0.0","0.0","0.0","0.0","0.0","0.0","0.0","0.0","0.0","0.0","0.0","0.0","0.0","0.0","0.0","0.0","0.0","0.0","0.0","0.0","0.0","0.0","0.0","0.0","0.0"
"-0.9993655465229772","-0.9961792628889886","-0.9897096023016977","-0.9799234759615012","-0.9669649256262433","-0.9509005578147051","-0.9317259224549881","-0.9094823206774911","-0.8842766597101892","-0.8562079080182945","-0.8253439072463619","-0.7917716390705082","-0.7556183504272288","-0.7170134737394237","-0.6760688268845043","-0.6329079719464952","-0.5876834118721083","-0.5405515645794569","-0.49165606141217094","-0.44114825175002687","-0.3892018527472047","-0.3359939036385089","-0.2816897813200073","-0.22645936543953685","-0.1704904308508752","-0.11397258560952997","-0.05708291672318749","0.0","0.05708291672318749","0.11397258560952997","0.1704904308508752","0.22645936543953685","0.2816897813200073","0.3359939036385089","0.3892018527472047","0.44114825175002687","0.49165606141217094","0.5405515645794569","0.5876834118721083","0.6329079719464952","0.6760688268845043","0.7170134737394237","0.7556183504272288","0.7917716390705082","0.8253439072463619","0.8562079080182945","0.8842766597101892","0.9094823206774911","0.9317259224549881","0.9509005578147051","0.9669649256262433","0.9799234759615012","0.9897096023016977","0.9961792628889886","0.9993655465229772","0.0","0.0","0.0","0.0","0.0","0.0","0.0","0.0","0.0","0.0","0.0","0.0","0.0","0.0","0.0","0.0","0.0","0.0","0.0","0.0","0.0","0.0","0.0","0.0","0.0","0.0","0.0","0.0","0.0","0.0","0.0","0.0","0.0","0.0","0.0","0.0","0.0","0.0","0.0","0.0","0.0","0.0","0.0","0.0"
"-0.9994095274644582","-0.9964424975739544","-0.9904172436070369","-0.9813031653708727","-0.9692313473595944","-0.9542592806289382","-0.9363809503248502","-0.9156330263921321","-0.8921086888768119","-0.8658925225743951","-0.8370442084193394","-0.8056413709171791","-0.7717934472434338","-0.7356108780136318","-0.6971931719448978","-0.656651094038865","-0.6141156177298841","-0.5697204718114017","-0.5235944654428331","-0.4758742249551183","-0.42670929193110724","-0.3762515160890787","-0.32465063705782043","-0.2720616276351781","-0.21864676577754044","-0.16456928213338076","-0.10999164929073278","-0.05507928988403427","0.0","0.05507928988403427","0.10999164929073278","0.16456928213338076","0.21864676577754044","0.2720616276351781","0.32465063705782043","0.3762515160890787","0.42670929193110724","0.4758742249551183","0.5235944654428331","0.5697204718114017","0.6141156177298841","0.656651094038865","0.6971931719448978","0.7356108780136318","0.7717934472434338","0.8056413709171791","0.8370442084193394","0.8658925225743951","0.8921086888768119","0.9156330263921321","0.9363809503248502","0.9542592806289382","0.9692313473595944","0.9813031653708727","0.9904172436070369","0.9964424975739544","0.9994095274644582","0.0","0.0","0.0","0.0","0.0","0.0","0.0","0.0","0.0","0.0","0.0","0.0","0.0","0.0","0.0","0.0","0.0","0.0","0.0","0.0","0.0","0.0","0.0","0.0","0.0","0.0","0.0","0.0","0.0","0.0","0.0","0.0","0.0","0.0","0.0","0.0","0.0","0.0","0.0","0.0","0.0","0.0"
"-0.9994486678820507","-0.9966794422605966","-0.9910554057228057","-0.9825455052614132","-0.971271237101307","-0.9572855957780877","-0.9405789160029729","-0.9211802329530587","-0.8991742705927797","-0.8746378049201028","-0.8476199197609768","-0.8181854876152524","-0.7864331995804955","-0.7524628517344771","-0.7163586653275825","-0.6782145376026865","-0.6381485684788472","-0.5962817971382278","-0.5527243577013196","-0.5075929551242276","-0.46102304538823385","-0.41315288817400864","-0.36411137871337784","-0.31403163786763993","-0.26306189629521715","-0.21135228616600107","-0.15904347800452204","-0.10627823013267923","-0.053211772204649316","0.0","0.053211772204649316","0.10627823013267923","0.15904347800452204","0.21135228616600107","0.26306189629521715","0.31403163786763993","0.36411137871337784","0.41315288817400864","0.46102304538823385","0.5075929551242276","0.5527243577013196","0.5962817971382278","0.6381485684788472","0.6782145376026865","0.7163586653275825","0.7524628517344771","0.7864331995804955","0.8181854876152524","0.8476199197609768","0.8746378049201028","0.8991742705927797","0.9211802329530587","0.9405789160029729","0.9572855957780877","0.971271237101307","0.9825455052614132","0.9910554057228057","0.9966794422605966","0.9994486678820507","0.0","0.0","0.0","0.0","0.0","0.0","0.0","0.0","0.0","0.0","0.0","0.0","0.0","0.0","0.0","0.0","0.0","0.0","0.0","0.0","0.0","0.0","0.0","0.0","0.0","0.0","0.0","0.0","0.0","0.0","0.0","0.0","0.0","0.0","0.0","0.0","0.0","0.0","0.0","0.0"
"-0.9994844100504906","-0.9968934840746495","-0.9916309968704046","-0.9836681232797472","-0.9731163225011262","-0.9600218649683075","-0.94437444474856","-0.9262000474292743","-0.9055733076999078","-0.8825605357920527","-0.8572052335460612","-0.8295657623827684","-0.799727835821839","-0.7677774321048262","-0.7337900624532268","-0.6978504947933158","-0.6600610641266269","-0.6205261829892429","-0.5793452358263617","-0.5366241481420199","-0.49248046786177857","-0.44703376953808915","-0.4004012548303944","-0.3527047255308781","-0.30407320227362505","-0.25463692616788985","-0.20452511668230988","-0.15386991360858354","-0.10280693796673702","-0.0514718425553177","0.0","0.0514718425553177","0.10280693796673702","0.15386991360858354","0.20452511668230988","0.25463692616788985","0.30407320227362505","0.3527047255308781","0.4004012548303944","0.44703376953808915","0.49248046786177857","0.5366241481420199","0.5793452358263617","0.6205261829892429","0.6600610641266269","0.6978504947933158","0.7337900624532268","0.7677774321048262","0.799727835821839","0.8295657623827684","0.8572052335460612","0.8825605357920527","0.9055733076999078","0.9262000474292743","0.94437444474856","0.9600218649683075","0.9731163225011262","0.9836681232797472","0.9916309968704046","0.9968934840746495","0.9994844100504906","0.0","0.0","0.0","0.0","0.0","0.0","0.0","0.0","0.0","0.0","0.0","0.0","0.0","0.0","0.0","0.0","0.0","0.0","0.0","0.0","0.0","0.0","0.0","0.0","0.0","0.0","0.0","0.0","0.0","0.0","0.0","0.0","0.0","0.0","0.0","0.0","0.0","0.0"
"-0.9995164628792284","-0.997087481819477","-0.9921535909326941","-0.9846859096651525","-0.9747883625160325","-0.9625039250929497","-0.9478199582621275","-0.9307569978966481","-0.911383461987593","-0.8897600299482711","-0.8659226090435594","-0.8399203201462674","-0.8118310751029204","-0.7817331484166249","-0.7496909110266089","-0.7157767845868532","-0.6800836878507508","-0.6427067229242603","-0.6037314885005227","-0.5632491614071493","-0.5213668019193272","-0.4781937820449025","-0.43383168420610313","-0.38838590160823294","-0.34197468536418146","-0.29471806998170164","-0.2467286323591135","-0.19812119933557062","-0.14902127365172185","-0.09955531215234152","-0.049841807833068685","0.0","0.049841807833068685","0.09955531215234152","0.14902127365172185","0.19812119933557062","0.2467286323591135","0.29471806998170164","0.34197468536418146","0.38838590160823294","0.43383168420610313","0.4781937820449025","0.5213668019193272","0.5632491614071493","0.6037314885005227","0.6427067229242603","0.6800836878507508","0.7157767845868532","0.7496909110266089","0.7817331484166249","0.8118310751029204","0.8399203201462674","0.8659226090435594","0.8897600299482711","0.911383461987593","0.9307569978966481","0.9478199582621275","0.9625039250929497","0.9747883625160325","0.9846859096651525","0.9921535909326941","0.997087481819477","0.9995164628792284","0.0","0.0","0.0","0.0","0.0","0.0","0.0","0.0","0.0","0.0","0.0","0.0","0.0","0.0","0.0","0.0","0.0","0.0","0.0","0.0","0.0","0.0","0.0","0.0","0.0","0.0","0.0","0.0","0.0","0.0","0.0","0.0","0.0","0.0","0.0","0.0"
"-0.9995459021243644","-0.9972638618494816","-0.9926280352629719","-0.9856115115452684","-0.9763102836146638","-0.9647622555875064","-0.9509546848486612","-0.9349060759377397","-0.9166772666513643","-0.8963211557660521","-0.8738697689453107","-0.84936761373257","-0.8228829501360513","-0.7944837959679424","-0.7642282519978038","-0.7321821187402897","-0.6984265577952105","-0.6630442669302152","-0.626112937701824","-0.5877157572407623","-0.5479463141991525","-0.5068999089322294","-0.4646693084819922","-0.42135127613063533","-0.3770494211541211","-0.33186860228212767","-0.28591245858945974","-0.23928736225213706","-0.1921036089831425","-0.1444719615827965","-0.09650269687689436","-0.04830766568773832","0.0","0.04830766568773832","0.09650269687689436","0.1444719615827965","0.1921036089831425","0.23928736225213706","0.28591245858945974","0.33186860228212767","0.3770494211541211","0.42135127613063533","0.4646693084819922","0.5068999089322294","0.5479463141991525","0.5877157572407623","0.626112937701824","0.6630442669302152","0.6984265577952105","0.7321821187402897","0.7642282519978038","0.7944837959679424","0.8228829501360513","0.84936761373257","0.8738697689453107","0.8963211557660521","0.9166772666513643","0.9349060759377397","0.9509546848486612","0.9647622555875064","0.9763102836146638","0.9856115115452684","0.9926280352629719","0.9972638618494816","0.9995459021243644","0.0","0.0","0.0","0.0","0.0","0.0","0.0","0.0","0.0","0.0","0.0","0.0","0.0","0.0","0.0","0.0","0.0","0.0","0.0","0.0","0.0","0.0","0.0","0.0","0.0","0.0","0.0","0.0","0.0","0.0","0.0","0.0","0.0","0.0"
"-0.9995724804019707","-0.9974246942464552","-0.9930613555326053","-0.9864557262306425","-0.9776977663955603","-0.9668229096899927","-0.9538169315483389","-0.9386943726111684","-0.9215114001176653","-0.9023167677434336","-0.8811369573661523","-0.8580096526765041","-0.8329973390866772","-0.8061623562741665","-0.7775545412372504","-0.7472304964495622","-0.7152643817222187","-0.6817319599697428","-0.646700582975178","-0.610242345836379","-0.5724429316910563","-0.5333899047863476","-0.49316417327086814","-0.4518500172724507","-0.409542745071418","-0.36633925774807335","-0.3223303696970899","-0.27760909715249704","-0.23227765539724113","-0.18643929882799157","-0.14019106034177492","-0.09363106585473338","-0.046865273381329085","0.0","0.046865273381329085","0.09363106585473338","0.14019106034177492","0.18643929882799157","0.23227765539724113","0.27760909715249704","0.3223303696970899","0.36633925774807335","0.409542745071418","0.4518500172724507","0.49316417327086814","0.5333899047863476","0.5724429316910563","0.610242345836379","0.646700582975178","0.6817319599697428","0.7152643817222187","0.7472304964495622","0.7775545412372504","0.8061623562741665","0.8329973390866772","0.8580096526765041","0.8811369573661523","0.9023167677434336","0.9215114001176653","0.9386943726111684","0.9538169315483389","0.9668229096899927","0.9776977663955603","0.9864557262306425","0.9930613555326053","0.9974246942464552","0.9995724804019707","0.0","0.0","0.0","0.0","0.0","0.0","0.0","0.0","0.0","0.0","0.0","0.0","0.0","0.0","0.0","0.0","0.0","0.0","0.0","0.0","0.0","0.0","0.0","0.0","0.0","0.0","0.0","0.0","0.0","0.0","0.0","0.0"
"-0.9995970157850661","-0.997571753790842","-0.9934570226415097","-0.9872278164063095","-0.9789677185827603","-0.9687082625333443","-0.956435429333021","-0.9421623974051071","-0.9259395274705339","-0.9078096777183244","-0.8877965936647163","-0.8659346383345645","-0.8422789867235496","-0.8168842279009336","-0.7897956152195292","-0.761064876629873","-0.7307572570147589","-0.6989391132162629","-0.6656719027868641","-0.6310217270805285","-0.5950639877599082","-0.5578755006697467","-0.5195304673838667","-0.480106545190327","-0.43968775243639374","-0.39835927775864594","-0.35620494955304755","-0.3133110813394632","-0.26976800095077474","-0.22566669161644948","-0.18109749528479874","-0.13615235725918298","-0.0909251724409935","-0.04550982195310254","0.0","0.04550982195310254","0.0909251724409935","0.13615235725918298","0.18109749528479874","0.22566669161644948","0.26976800095077474","0.3133110813394632","0.35620494955304755","0.39835927775864594","0.43968775243639374","0.480106545190327","0.5195304673838667","0.5578755006697467","0.5950639877599082","0.6310217270805285","0.6656719027868641","0.6989391132162629","0.7307572570147589","0.761064876629873","0.7897956152195292","0.8168842279009336","0.8422789867235496","0.8659346383345645","0.8877965936647163","0.9078096777183244","0.9259395274705339","0.9421623974051071","0.956435429333021","0.9687082625333443","0.9789677185827603","0.9872278164063095","0.9934570226415097","0.997571753790842","0.9995970157850661","0.0","0.0","0.0","0.0","0.0","0.0","0.0","0.0","0.0","0.0","0.0","0.0","0.0","0.0","0.0","0.0","0.0","0.0","0.0","0.0","0.0","0.0","0.0","0.0","0.0","0.0","0.0","0.0","0.0","0.0"
"-0.9996192985605878","-0.9977065690996003","-0.9938202930389092","-0.9879357644438514","-0.980131657851341","-0.9704376160392298","-0.9588386969958431","-0.9453451482078273","-0.9300037530507062","-0.9128542613593176","-0.8939163058390494","-0.8732191250252224","-0.8508135446810916","-0.8267498990922254","-0.8010672131257057","-0.7738102522869126","-0.7450389756664068","-0.7148145015566287","-0.6831904184881565","-0.6502243646658904","-0.6159857104872218","-0.5805453447497645","-0.5439683516962581","-0.5063227732414887","-0.4676861834615296","-0.42813754151781425","-0.3877506960278423","-0.3466015544308139","-0.3047740014710504","-0.26235294120929603","-0.219418258415018","-0.17605106116598956","-0.13233927061341663","-0.08837134327565926","-0.044230407960476316","0.0","0.044230407960476316","0.08837134327565926","0.13233927061341663","0.17605106116598956","0.219418258415018","0.26235294120929603","0.3047740014710504","0.3466015544308139","0.3877506960278423","0.42813754151781425","0.4676861834615296","0.5063227732414887","0.5439683516962581","0.5805453447497645","0.6159857104872218","0.6502243646658904","0.6831904184881565","0.7148145015566287","0.7450389756664068","0.7738102522869126","0.8010672131257057","0.8267498990922254","0.8508135446810916","0.8732191250252224","0.8939163058390494","0.9128542613593176","0.9300037530507062","0.9453451482078273","0.9588386969958431","0.9704376160392298","0.980131657851341","0.9879357644438514","0.9938202930389092","0.9977065690996003","0.9996192985605878","0.0","0.0","0.0","0.0","0.0","0.0","0.0","0.0","0.0","0.0","0.0","0.0","0.0","0.0","0.0","0.0","0.0","0.0","0.0","0.0","0.0","0.0","0.0","0.0","0.0","0.0","0.0","0.0"
"-0.9996399615148794","-0.9978304624840858","-0.9941536966849367","-0.9885864789022122","-0.9812022799826424","-0.972027691049698","-0.961048148322967","-0.9482729843995076","-0.9337444576338862","-0.9174977745156591","-0.8995506171901687","-0.8799298008903972","-0.8586805232295902","-0.8358471669924753","-0.8114653600065362","-0.7855762301322066","-0.7582328741525263","-0.7294891715935565","-0.6993942624809448","-0.668001236585521","-0.6353715117840573","-0.6015676581359806","-0.5666496094031067","-0.5306802859262452","-0.4937284580777519","-0.45586394443342027","-0.4171551105531595","-0.37767254711968923","-0.33749076701366754","-0.29668499534402826","-0.25532969993214893","-0.2135008923168656","-0.171276852197153","-0.1287361038093848","-0.08595685004439138","-0.04301819847370861","0.0","0.04301819847370861","0.08595685004439138","0.1287361038093848","0.171276852197153","0.2135008923168656","0.25532969993214893","0.29668499534402826","0.33749076701366754","0.37767254711968923","0.4171551105531595","0.45586394443342027","0.4937284580777519","0.5306802859262452","0.5666496094031067","0.6015676581359806","0.6353715117840573","0.668001236585521","0.6993942624809448","0.7294891715935565","0.7582328741525263","0.7855762301322066","0.8114653600065362","0.8358471669924753","0.8586805232295902","0.8799298008903972","0.8995506171901687","0.9174977745156591","0.9337444576338862","0.9482729843995076","0.961048148322967","0.972027691049698","0.9812022799826424","0.9885864789022122","0.9941536966849367","0.9978304624840858","0.9996399615148794","0.0","0.0","0.0","0.0","0.0","0.0","0.0","0.0","0.0","0.0","0.0","0.0","0.0","0.0","0.0","0.0","0.0","0.0","0.0","0.0","0.0","0.0","0.0","0.0","0.0","0.0"
"-0.9996588267596329","-0.9979445824779136","-0.9944612342887363","-0.9891859632143192","-0.9821881892565989","-0.9734930300564858","-0.9630853700673327","-0.9509723432620948","-0.9371934202301552","-0.9217814374124638","-0.9047509817758007","-0.8861249621554861","-0.8659452485187727","-0.844252987340556","-0.8210790441767528","-0.7964592005099023","-0.7704425069722372","-0.7430788339819653","-0.7144112525257493","-0.6844863091309593","-0.653360767050604","-0.6210926084089244","-0.5877346743442668","-0.5533423918615817","-0.5179794885352715","-0.48171087780320554","-0.44459708351663246","-0.40670050931832613","-0.3680905201203065","-0.328837429883707","-0.28900739085697874","-0.24866779279136575","-0.207891987066149","-0.16675393023985197","-0.1253233047355603","-0.0836704089547699","-0.04187073943572839","0.0","0.04187073943572839","0.0836704089547699","0.1253233047355603","0.16675393023985197","0.207891987066149","0.24866779279136575","0.28900739085697874","0.328837429883707","0.3680905201203065","0.40670050931832613","0.44459708351663246","0.48171087780320554","0.5179794885352715","0.5533423918615817","0.5877346743442668","0.6210926084089244","0.653360767050604","0.6844863091309593","0.7144112525257493","0.7430788339819653","0.7704425069722372","0.7964592005099023","0.8210790441767528","0.844252987340556","0.8659452485187727","0.8861249621554861","0.9047509817758007","0.9217814374124638","0.9371934202301552","0.9509723432620948","0.9630853700673327","0.9734930300564858","0.9821881892565989","0.9891859632143192","0.9944612342887363","0.9979445824779136","0.9996588267596329","0.0","0.0","0.0","0.0","0.0","0.0","0.0","0.0","0.0","0.0","0.0","0.0","0.0","0.0","0.0","0.0","0.0","0.0","0.0","0.0","0.0","0.0","0.0","0.0"
"-0.9996763911828771","-0.9980499305356876","-0.9947447792441391","-0.9897394542663855","-0.9830990729947884","-0.9748463285901535","-0.9649665737512564","-0.9534663309335296","-0.9403814898142683","-0.9257413320485844","-0.9095590420749423","-0.8918557390046322","-0.8726688956365718","-0.8520350219323621","-0.8299824347993974","-0.8065441676053168","-0.7817639159016679","-0.7556859037539707","-0.7283498061332625","-0.6997986803791844","-0.6700830619834335","-0.6392544158296817","-0.6073615907143903","-0.5744560210478071","-0.5405944954479365","-0.5058347179279311","-0.47023288495775095","-0.4338471694323765","-0.3967394836242914","-0.358972440479435","-0.3206078115554109","-0.28170880979016527","-0.242341033568551","-0.2025704538921167","-0.16246262060548627","-0.12208402533786741","-0.08150232417110448","-0.04078514790457824","0.0","0.04078514790457824","0.08150232417110448","0.12208402533786741","0.16246262060548627","0.2025704538921167","0.242341033568551","0.28170880979016527","0.3206078115554109","0.358972440479435","0.3967394836242914","0.4338471694323765","0.47023288495775095","0.5058347179279311","0.5405944954479365","0.5744560210478071","0.6073615907143903","0.6392544158296817","0.6700830619834335","0.6997986803791844","0.7283498061332625","0.7556859037539707","0.7817639159016679","0.8065441676053168","0.8299824347993974","0.8520350219323621","0.8726688956365718","0.8918557390046322","0.9095590420749423","0.9257413320485844","0.9403814898142683","0.9534663309335296","0.9649665737512564","0.9748463285901535","0.9830990729947884","0.9897394542663855","0.9947447792441391","0.9980499305356876","0.9996763911828771","0.0","0.0","0.0","0.0","0.0","0.0","0.0","0.0","0.0","0.0","0.0","0.0","0.0","0.0","0.0","0.0","0.0","0.0","0.0","0.0","0.0","0.0"
"-0.9996925035349652","-0.9981473830664329","-0.995007423359635","-0.990251536854686","-0.9839414569181982","-0.9760987093334711","-0.9667083437698616","-0.9557752123246522","-0.9433329981977366","-0.9294091484867383","-0.9140144885218172","-0.8971671192929929","-0.8789019309320817","-0.8592529379999062","-0.8382447687423855","-0.8159062974301431","-0.792278082619136","-0.7674012429310635","-0.7413107150946354","-0.7140444358945347","-0.6856493093267936","-0.656173213432011","-0.625659418394659","-0.594153454957278","-0.5617081331250023","-0.5283772686604374","-0.4942108380734946","-0.45926051230913606","-0.42358407404789794","-0.38724016397156147","-0.35028389195039766","-0.31277155924818595","-0.2747647124065299","-0.23632551246183578","-0.1975126034747319","-0.1583853399978378","-0.11900765605512215","-0.07944380460875548","-0.03975432676405684","0.0","0.03975432676405684","0.07944380460875548","0.11900765605512215","0.1583853399978378","0.1975126034747319","0.23632551246183578","0.2747647124065299","0.31277155924818595","0.35028389195039766","0.38724016397156147","0.42358407404789794","0.45926051230913606","0.4942108380734946","0.5283772686604374","0.5617081331250023","0.594153454957278","0.625659418394659","0.656173213432011","0.6856493093267936","0.7140444358945347","0.7413107150946354","0.7674012429310635","0.792278082619136","0.8159062974301431","0.8382447687423855","0.8592529379999062","0.8789019309320817","0.8971671192929929","0.9140144885218172","0.9294091484867383","0.9433329981977366","0.9557752123246522","0.9667083437698616","0.9760987093334711","0.9839414569181982","0.990251536854686","0.995007423359635","0.9981473830664329","0.9996925035349652","0.0","0.0","0.0","0.0","0.0","0.0","0.0","0.0","0.0","0.0","0.0","0.0","0.0","0.0","0.0","0.0","0.0","0.0","0.0","0.0"
"-0.9997075592587","-0.9982377097105593","-0.9952505734460727","-0.990726238699457","-0.98472283986425","-0.9772599499837743","-0.9683231268541499","-0.9579168192137917","-0.9460718371625","-0.9328128082786765","-0.9181495430728989","-0.9020988069688743","-0.8846920087010898","-0.8659595032122595","-0.8459239855873107","-0.8246122308333117","-0.8020605661402521","-0.7783056514265194","-0.7533798034389422","-0.7273182551899271","-0.7001629774873299","-0.6719566846141796","-0.64273952430558","-0.6125538896679802","-0.58144706582913","-0.5494671250951282","-0.5166606073863838","-0.4830758016861787","-0.4487645136381638","-0.413779204371605","-0.37817143547358895","-0.3419940908257585","-0.30530244173524673","-0.2681521850072537","-0.2305985218807195","-0.1926975807013711","-0.15450687937939447","-0.11608407067525521","-0.07748658833128284","-0.03877241750605082","0.0","0.03877241750605082","0.07748658833128284","0.11608407067525521","0.15450687937939447","0.1926975807013711","0.2305985218807195","0.2681521850072537","0.30530244173524673","0.3419940908257585","0.37817143547358895","0.413779204371605","0.4487645136381638","0.4830758016861787","0.5166606073863838","0.5494671250951282","0.58144706582913","0.6125538896679802","0.64273952430558","0.6719566846141796","0.7001629774873299","0.7273182551899271","0.7533798034389422","0.7783056514265194","0.8020605661402521","0.8246122308333117","0.8459239855873107","0.8659595032122595","0.8846920087010898","0.9020988069688743","0.9181495430728989","0.9328128082786765","0.9460718371625","0.9579168192137917","0.9683231268541499","0.9772599499837743","0.98472283986425","0.990726238699457","0.9952505734460727","0.9982377097105593","0.9997075592587","0.0","0.0","0.0","0.0","0.0","0.0","0.0","0.0","0.0","0.0","0.0","0.0","0.0","0.0","0.0","0.0","0.0","0.0"
"-0.9997214293249189","-0.9983215885747715","-0.9954766518421375","-0.9911671096990163","-0.9854482387988005","-0.9783386735610834","-0.9698238360677988","-0.9599068917303463","-0.9486168795714882","-0.9359769874978539","-0.9219952074951279","-0.9066859447581012","-0.8900785772486397","-0.8722015116924414","-0.8530745523701873","-0.8327212004013613","-0.8111753221394452","-0.7884711450474093","-0.7646372450275563","-0.7397048030699261","-0.7137129276129348","-0.6867015020349513","-0.658706241077728","-0.6297648390721963","-0.5999214164489695","-0.5692209416102159","-0.5377049762539668","-0.5054165991994061","-0.4724042866987614","-0.43871727705140706","-0.4044017552833835","-0.36950502264048146","-0.3340790195742846","-0.2981762773418249","-0.2618463689370233","-0.22513960563342278","-0.1881103547452979","-0.15081335486399217","-0.11330030168320732","-0.075623258989163","-0.03783789391438998","0.0","0.03783789391438998","0.075623258989163","0.11330030168320732","0.15081335486399217","0.1881103547452979","0.22513960563342278","0.2618463689370233","0.2981762773418249","0.3340790195742846","0.36950502264048146","0.4044017552833835","0.43871727705140706","0.4724042866987614","0.5054165991994061","0.5377049762539668","0.5692209416102159","0.5999214164489695","0.6297648390721963","0.658706241077728","0.6867015020349513","0.7137129276129348","0.7397048030699261","0.7646372450275563","0.7884711450474093","0.8111753221394452","0.8327212004013613","0.8530745523701873","0.8722015116924414","0.8900785772486397","0.9066859447581012","0.9219952074951279","0.9359769874978539","0.9486168795714882","0.9599068917303463","0.9698238360677988","0.9783386735610834","0.9854482387988005","0.9911671096990163","0.9954766518421375","0.9983215885747715","0.9997214293249189","0.0","0.0","0.0","0.0","0.0","0.0","0.0","0.0","0.0","0.0","0.0","0.0","0.0","0.0","0.0","0.0"
"-0.9997344322482823","-0.9983996189900625","-0.9956867283194113","-0.9915772883408609","-0.9861235341986841","-0.9793425080637482","-0.9712201497137526","-0.9617593653382045","-0.9509868599479525","-0.9389235573549882","-0.9255767124657477","-0.9109597249041275","-0.8950991828071722","-0.8780205698121727","-0.859742209518731","-0.8402859832618169","-0.8196823755817421","-0.7979620532554874","-0.775151551255707","-0.7512799356894805","-0.7263823657463051","-0.7004945905561712","-0.6736498618794321","-0.6458833888692478","-0.6172348508841141","-0.5877445974851093","-0.5574514434842921","-0.5263957499311923","-0.4946211598506328","-0.4621719120704219","-0.4290913085878393","-0.39542385204297503","-0.3612163697415476","-0.3265161244654115","-0.29136982874583783","-0.25582507934287907","-0.21993096747844898","-0.18373680656485455","-0.14729162305528812","-0.11064502720851987","-0.07384736160009842","-0.03694894316535178","0.0","0.03694894316535178","0.07384736160009842","0.11064502720851987","0.14729162305528812","0.18373680656485455","0.21993096747844898","0.25582507934287907","0.29136982874583783","0.3265161244654115","0.3612163697415476","0.39542385204297503","0.4290913085878393","0.4621719120704219","0.4946211598506328","0.5263957499311923","0.5574514434842921","0.5877445974851093","0.6172348508841141","0.6458833888692478","0.6736498618794321","0.7004945905561712","0.7263823657463051","0.7512799356894805","0.775151551255707","0.7979620532554874","0.8196823755817421","0.8402859832618169","0.859742209518731","0.8780205698121727","0.8950991828071722","0.9109597249041275","0.9255767124657477","0.9389235573549882","0.9509868599479525","0.9617593653382045","0.9712201497137526","0.9793425080637482","0.9861235341986841","0.9915772883408609","0.9956867283194113","0.9983996189900625","0.9997344322482823","0.0","0.0","0.0","0.0","0.0","0.0","0.0","0.0","0.0","0.0","0.0","0.0","0.0","0.0"
"-0.9997464575309645","-0.9984723322425078","-0.9958827242855882","-0.9919595575932442","-0.9867526307149755","-0.9802782209802553","-0.9725222449490647","-0.96348661301408","-0.9531965903906277","-0.9416719568476378","-0.9289185512692479","-0.9149479072061387","-0.899784996804391","-0.8834537652186168","-0.8659702462278088","-0.8473537162093151","-0.8276327082820653","-0.8068359641369386","-0.784987034881738","-0.7621117471949551","-0.7382429824236372","-0.7134142352689571","-0.6876552011136726","-0.6609973137514982","-0.6334777151957809","-0.605134259639601","-0.5760017433256938","-0.5461163166600848","-0.51551892343685","-0.4842511767857347","-0.45235200755605576","-0.41986137602926926","-0.38682336629679037","-0.3532826128643038","-0.31928121450938307","-0.2848619980329136","-0.2500714001031004","-0.2149562448605182","-0.17956081029216142","-0.14392980951071332","-0.10811116303570045","-0.07215299087458624","-0.036100739437432694","0.0","0.036100739437432694","0.07215299087458624","0.10811116303570045","0.14392980951071332","0.17956081029216142","0.2149562448605182","0.2500714001031004","0.2848619980329136","0.31928121450938307","0.3532826128643038","0.38682336629679037","0.41986137602926926","0.45235200755605576","0.4842511767857347","0.51551892343685","0.5461163166600848","0.5760017433256938","0.605134259639601","0.6334777151957809","0.6609973137514982","0.6876552011136726","0.7134142352689571","0.7382429824236372","0.7621117471949551","0.784987034881738","0.8068359641369386","0.8276327082820653","0.8473537162093151","0.8659702462278088","0.8834537652186168","0.899784996804391","0.9149479072061387","0.9289185512692479","0.9416719568476378","0.9531965903906277","0.96348661301408","0.9725222449490647","0.9802782209802553","0.9867526307149755","0.9919595575932442","0.9958827242855882","0.9984723322425078","0.9997464575309645","0.0","0.0","0.0","0.0","0.0","0.0","0.0","0.0","0.0","0.0","0.0","0.0"
"-0.9997577645198398","-0.9985402006367742","-0.9960654624409553","-0.9923163921385159","-0.9873401941752369","-0.981151833077914","-0.9737377346153305","-0.9650996504224931","-0.9552609281923372","-0.9442395091181941","-0.9320406961492302","-0.9186752599841758","-0.9041659123949729","-0.8885342382860432","-0.8717951274368401","-0.8539665950047104","-0.8350744428565227","-0.815144539645135","-0.7941988324428492","-0.7722614792487559","-0.7493621687878808","-0.725531053660717","-0.7007958707817488","-0.6751860706661224","-0.6487351934306126","-0.6214773459035758","-0.5934451144469889","-0.5646724531854708","-0.5351963666442741","-0.5050543913882023","-0.47428310640504756","-0.4429201745254115","-0.4110054858162361","-0.37857935201470716","-0.3456814956104339","-0.3123524665027858","-0.2786343401766607","-0.24456945692820126","-0.21019981928565243","-0.17556801477551678","-0.14071752316114117","-0.10569190170865325","-0.07053455422640255","-0.035289236964135356","0.0","0.035289236964135356","0.07053455422640255","0.10569190170865325","0.14071752316114117","0.17556801477551678","0.21019981928565243","0.24456945692820126","0.2786343401766607","0.3123524665027858","0.3456814956104339","0.37857935201470716","0.4110054858162361","0.4429201745254115","0.47428310640504756","0.5050543913882023","0.5351963666442741","0.5646724531854708","0.5934451144469889","0.6214773459035758","0.6487351934306126","0.6751860706661224","0.7007958707817488","0.725531053660717","0.7493621687878808","0.7722614792487559","0.7941988324428492","0.815144539645135","0.8350744428565227","0.8539665950047104","0.8717951274368401","0.8885342382860432","0.9041659123949729","0.9186752599841758","0.9320406961492302","0.9442395091181941","0.9552609281923372","0.9650996504224931","0.9737377346153305","0.981151833077914","0.9873401941752369","0.9923163921385159","0.9960654624409553","0.9985402006367742","0.9997577645198398","0.0","0.0","0.0","0.0","0.0","0.0","0.0","0.0","0.0","0.0"
"-0.9997682581981284","-0.9986036451819367","-0.9962364840026204","-0.9926499984472037","-0.987889297558342","-0.9819687150345405","-0.9748747285998463","-0.9666083103968947","-0.9571916240132814","-0.9466416909956291","-0.9349627017082307","-0.9221639367190004","-0.908266807683464","-0.8932916717532418","-0.877251587193022","-0.8601624759606642","-0.8420485769104069","-0.8229342205020863","-0.8028389511668368","-0.7817843125939062","-0.7597981645204109","-0.7369088489454904","-0.7131412242754918","-0.6885216807712006","-0.6630817086022338","-0.6368533944532233","-0.6098660544938957","-0.5821502125693532","-0.5537406721593487","-0.5246728204629161","-0.49497965749810185","-0.4646951239196351","-0.43385684374178296","-0.4025029438585419","-0.3706693423597306","-0.33839265425060217","-0.30571272186623305","-0.27266976975237756","-0.23930185320471223","-0.20564748978326375","-0.1717480659497809","-0.13764520598325303","-0.1033783028321454","-0.06898698016314417","-0.03451344875177767","0.0","0.03451344875177767","0.06898698016314417","0.1033783028321454","0.13764520598325303","0.1717480659497809","0.20564748978326375","0.23930185320471223","0.27266976975237756","0.30571272186623305","0.33839265425060217","0.3706693423597306","0.4025029438585419","0.43385684374178296","0.4646951239196351","0.49497965749810185","0.5246728204629161","0.5537406721593487","0.5821502125693532","0.6098660544938957","0.6368533944532233","0.6630817086022338","0.6885216807712006","0.7131412242754918","0.7369088489454904","0.7597981645204109","0.7817843125939062","0.8028389511668368","0.8229342205020863","0.8420485769104069","0.8601624759606642","0.877251587193022","0.8932916717532418","0.908266807683464","0.9221639367190004","0.9349627017082307","0.9466416909956291","0.9571916240132814","0.9666083103968947","0.9748747285998463","0.9819687150345405","0.987889297558342","0.9926499984472037","0.9962364840026204","0.9986036451819367","0.9997682581981284","0.0","0.0","0.0","0.0","0.0","0.0","0.0","0.0"
"-0.9997781518190734","-0.998663042133818","-0.9963964281262601","-0.9929623489061744","-0.9884036826833983","-0.9827336698041669","-0.9759392783003139","-0.9680213918539919","-0.9590005825105792","-0.9488923634460898","-0.9377005361418635","-0.9254337988067539","-0.9121117131558505","-0.897752711533942","-0.8823689614947607","-0.865975394866858","-0.8485940233419597","-0.8302468370660661","-0.8109521094917336","-0.7907300570752742","-0.7696059351217288","-0.7476053596156661","-0.7247516198690238","-0.7010695120204057","-0.6765875804230167","-0.6513348462019977","-0.6253388363404632","-0.5986282897127152","-0.5712347749209697","-0.5431903302618026","-0.5145260286336663","-0.48527391838816464","-0.4554681609750912","-0.4251433132828284","-0.39433331651486464","-0.3630728770209957","-0.3313982129787024","-0.29934582270187","-0.26695182895911473","-0.23425292220626978","-0.20128677041585186","-0.16809117946710353","-0.13470375362019985","-0.10116247530558424","-0.06750580737215482","-0.03377219001605204","0.0","0.03377219001605204","0.06750580737215482","0.10116247530558424","0.13470375362019985","0.16809117946710353","0.20128677041585186","0.23425292220626978","0.26695182895911473","0.29934582270187","0.3313982129787024","0.3630728770209957","0.39433331651486464","0.4251433132828284","0.4554681609750912","0.48527391838816464","0.5145260286336663","0.5431903302618026","0.5712347749209697","0.5986282897127152","0.6253388363404632","0.6513348462019977","0.6765875804230167","0.7010695120204057","0.7247516198690238","0.7476053596156661","0.7696059351217288","0.7907300570752742","0.8109521094917336","0.8302468370660661","0.8485940233419597","0.865975394866858","0.8823689614947607","0.897752711533942","0.9121117131558505","0.9254337988067539","0.9377005361418635","0.9488923634460898","0.9590005825105792","0.9680213918539919","0.9759392783003139","0.9827336698041669","0.9884036826833983","0.9929623489061744","0.9963964281262601","0.998663042133818","0.9997781518190734","0.0","0.0","0.0","0.0","0.0","0.0"
"-0.9997873633353728","-0.9987187285842121","-0.9965465437245755","-0.9932552109877686","-0.9888857926742055","-0.9834510030716237","-0.9769379117001827","-0.9693467873265645","-0.9606972178361463","-0.9510039692577085","-0.9402699618361167","-0.9285026930123607","-0.9157206678761556","-0.9019413294385253","-0.8871753672126825","-0.8714360157968963","-0.8547440233176564","-0.8371201398999021","-0.818580687449319","-0.799143754167742","-0.7788331144283706","-0.7576729184454386","-0.7356841064018608","-0.7128889734090643","-0.6893143955276334","-0.6649877473903327","-0.6399338744892382","-0.6141786999563736","-0.5877519871038516","-0.5606840059346642","-0.5330028790174031","-0.5047375838635779","-0.4759204031133011","-0.4465840731048557","-0.41675937971104376","-0.38647776408466716","-0.35577356508888425","-0.3246814863377359","-0.29323435397704284","-0.26146545921497455","-0.22941067055020822","-0.19710611027911182","-0.1645860067229053","-0.1318848665545149","-0.09903951917859155","-0.06608692391635568","-0.033062060155888424","0.0","0.033062060155888424","0.06608692391635568","0.09903951917859155","0.1318848665545149","0.1645860067229053","0.19710611027911182","0.22941067055020822","0.26146545921497455","0.29323435397704284","0.3246814863377359","0.35577356508888425","0.38647776408466716","0.41675937971104376","0.4465840731048557","0.4759204031133011","0.5047375838635779","0.5330028790174031","0.5606840059346642","0.5877519871038516","0.6141786999563736","0.6399338744892382","0.6649877473903327","0.6893143955276334","0.7128889734090643","0.7356841064018608","0.7576729184454386","0.7788331144283706","0.799143754167742","0.818580687449319","0.8371201398999021","0.8547440233176564","0.8714360157968963","0.8871753672126825","0.9019413294385253","0.9157206678761556","0.9285026930123607","0.9402699618361167","0.9510039692577085","0.9606972178361463","0.9693467873265645","0.9769379117001827","0.9834510030716237","0.9888857926742055","0.9932552109877686","0.9965465437245755","0.9987187285842121","0.9997873633353728","0.0","0.0","0.0","0.0"
"-0.999796069672232","-0.9987710072524261","-0.9966873319444376","-0.9935301722663508","-0.9893386577524437","-0.9841245837228269","-0.9778754854743328","-0.9705915925462473","-0.9622911594671567","-0.9529877031604309","-0.9426838633630157","-0.9313866907065543","-0.9191131621828809","-0.9058791367155696","-0.8916946055805934","-0.8765720202742479","-0.8605302966303112","-0.8435882616243935","-0.8257612225300264","-0.8070662040294426","-0.7875248379674491","-0.7671590325157404","-0.7459884618096398","-0.7240341309238146","-0.7013204877525457","-0.6778723796326639","-0.6537131945536818","-0.6288673967765136","-0.6033620741673688","-0.5772247260839727","-0.5504818886181809","-0.523160974722233","-0.4952913902967941","-0.4669029047509584","-0.43802465541083857","-0.4086864819907167","-0.3789196955681527","-0.34875588629216075","-0.3182262412067476","-0.28736248735545555","-0.25619736631465495","-0.22476379039468905","-0.1930944340197618","-0.1612223560688917","-0.12918121097644808","-0.0970046992094627","-0.06472641102762687","-0.03238017096286936","0.0","0.03238017096286936","0.06472641102762687","0.0970046992094627","0.12918121097644808","0.1612223560688917","0.1930944340197618","0.22476379039468905","0.25619736631465495","0.28736248735545555","0.3182262412067476","0.34875588629216075","0.3789196955681527","0.4086864819907167","0.43802465541083857","0.4669029047509584","0.4952913902967941","0.523160974722233","0.5504818886181809","0.5772247260839727","0.6033620741673688","0.6288673967765136","0.6537131945536818","0.6778723796326639","0.7013204877525457","0.7240341309238146","0.7459884618096398","0.7671590325157404","0.7875248379674491","0.8070662040294426","0.8257612225300264","0.8435882616243935","0.8605302966303112","0.8765720202742479","0.8916946055805934","0.9058791367155696","0.9191131621828809","0.9313866907065543","0.9426838633630157","0.9529877031604309","0.9622911594671567","0.9705915925462473","0.9778754854743328","0.9841245837228269","0.9893386577524437","0.9935301722663508","0.9966873319444376","0.9987710072524261","0.999796069672232","0.0","0.0"
"-0.9998041996856387","-0.9988201506066354","-0.9968198142998265","-0.9937886619441678","-0.9897642384140645","-0.984757895914213","-0.9787573030312067","-0.9717622009015554","-0.9637900181363555","-0.9548536586741372","-0.9449550592213295","-0.9341002947558101","-0.9223054754539362","-0.9095856558280733","-0.8959496245835934","-0.8814084455730089","-0.8659800043151458","-0.8496821198441658","-0.8325285014874602","-0.8145344273598555","-0.7957203207625249","-0.7761068943454467","-0.7557118903695144","-0.7345542542374027","-0.7126570667050088","-0.6900438244251321","-0.6667357008415716","-0.6427548324192377","-0.6181268178008793","-0.5928776941089007","-0.5670315494953917","-0.5406132469917261","-0.5136506284017344","-0.48617194145249204","-0.45820369153902984","-0.42977299334157654","-0.4009095739292799","-0.3716435012622849","-0.34200319599185597","-0.31201753211974875","-0.28171770824102943","-0.2511351786125773","-0.22029976550980535","-0.18924159246181357","-0.15799287766436837","-0.12658599726967204","-0.09505164998612338","-0.06342068498268678","-0.031725863459073154","0.0","0.031725863459073154","0.06342068498268678","0.09505164998612338","0.12658599726967204","0.15799287766436837","0.18924159246181357","0.22029976550980535","0.2511351786125773","0.28171770824102943","0.31201753211974875","0.34200319599185597","0.3716435012622849","0.4009095739292799","0.42977299334157654","0.45820369153902984","0.48617194145249204","0.5136506284017344","0.5406132469917261","0.5670315494953917","0.5928776941089007","0.6181268178008793","0.6427548324192377","0.6667357008415716","0.6900438244251321","0.7126570667050088","0.7345542542374027","0.7557118903695144","0.7761068943454467","0.7957203207625249","0.8145344273598555","0.8325285014874602","0.8496821198441658","0.8659800043151458","0.8814084455730089","0.8959496245835934","0.9095856558280733","0.9223054754539362","0.9341002947558101","0.9449550592213295","0.9548536586741372","0.9637900181363555","0.9717622009015554","0.9787573030312067","0.984757895914213","0.9897642384140645","0.9937886619441678","0.9968198142998265","0.9988201506066354","0.9998041996856387"
